{
    "accuracy":[
        0.11620635539293289,
        0.20792078971862793,
        0.3110995292663574,
        0.47681084275245667,
        0.6122980713844299,
        0.7170401215553284,
        0.8363730907440186,
        0.9275664687156677,
        0.9614382386207581,
        0.9723814725875854,
        0.97811359167099,
        0.9609171152114868,
        0.9833246469497681,
        0.991662323474884,
        0.9973945021629333,
        0.9953100681304932,
        1.0,
        1.0,
        1.0,
        1.0,
        1.0,
        1.0,
        1.0,
        1.0,
        1.0,
        1.0,
        1.0,
        1.0,
        1.0,
        1.0,
        1.0,
        1.0,
        1.0,
        1.0,
        1.0,
        1.0,
        1.0,
        1.0,
        1.0,
        1.0,
        1.0,
        1.0,
        1.0,
        1.0,
        1.0,
        1.0,
        1.0,
        1.0,
        1.0,
        1.0,
        1.0,
        1.0,
        1.0,
        1.0,
        1.0,
        1.0,
        1.0,
        1.0,
        1.0,
        1.0,
        1.0,
        1.0,
        1.0,
        1.0,
        1.0,
        1.0,
        1.0,
        1.0,
        1.0,
        1.0,
        1.0,
        1.0,
        1.0,
        1.0,
        1.0,
        1.0,
        1.0,
        1.0,
        1.0,
        1.0,
        1.0,
        1.0,
        1.0,
        1.0,
        1.0,
        1.0,
        1.0,
        1.0,
        1.0,
        1.0,
        1.0,
        1.0,
        1.0,
        1.0,
        1.0,
        1.0,
        1.0,
        1.0,
        1.0,
        1.0
    ],
    "loss":[
        2.5852296972349325,
        2.2371536872857805,
        1.94390099367914,
        1.5058533532846838,
        1.1397546691283265,
        0.8605753909553818,
        0.4959204270853358,
        0.2574172973197969,
        0.14296145956922535,
        0.10432514566161348,
        0.08613959923891303,
        0.1583299092354409,
        0.08072036132604707,
        0.03948303220241314,
        0.015622256627260722,
        0.02368307708724489,
        0.00325995022110707,
        0.001206605855463856,
        0.0008909152265625495,
        0.0007384807076945769,
        0.0005600718494590591,
        0.0004893744343466723,
        0.0004368945670803332,
        0.00038223929204936796,
        0.0003433025843299316,
        0.00031143932470686854,
        0.0002910796503197046,
        0.0002695610658019352,
        0.00025574075953936404,
        0.00023151229631716028,
        0.00021275574737374047,
        0.00020572165618141337,
        0.0001872054019051353,
        0.00017574057615422288,
        0.00016600157070324775,
        0.00016048917781534073,
        0.00014873310334856976,
        0.00013945323301111837,
        0.00013351064381353925,
        0.00013076954593141494,
        0.0001247269669981732,
        0.00011194948530564237,
        0.0001064458027172158,
        0.0001014263139626168,
        9.595207733010782e-05,
        9.083002986945261e-05,
        8.878845207669436e-05,
        8.328533575227598e-05,
        8.045135623511653e-05,
        8.031117557407397e-05,
        7.217853612727167e-05,
        6.919932217753835e-05,
        6.560885820594466e-05,
        6.292071200774314e-05,
        6.014687628419745e-05,
        5.713521776266625e-05,
        5.5450783278361774e-05,
        5.263840432008612e-05,
        5.1155549515403444e-05,
        4.9090466622139195e-05,
        4.650431027447083e-05,
        4.463719515357082e-05,
        4.213685025282664e-05,
        4.070349279441082e-05,
        3.853687439037418e-05,
        3.6873640809568804e-05,
        3.560919867974811e-05,
        3.513634751596412e-05,
        3.2475411691152675e-05,
        3.0403575585979917e-05,
        2.926478601187172e-05,
        2.666440549219184e-05,
        2.5179235495047823e-05,
        2.3518884864577164e-05,
        2.1256017761425456e-05,
        1.9587654027647853e-05,
        1.7981836891915952e-05,
        1.5456581445991224e-05,
        1.3596024292800478e-05,
        1.1349694708591473e-05,
        9.464834502324627e-06,
        8.543380816921211e-06,
        6.986071510964953e-06,
        5.808856569132977e-06,
        4.590009083149255e-06,
        4.15287089331469e-06,
        4.336150353259992e-06,
        1.2708283219670638e-05,
        4.29832762163091e-06,
        2.6617769186631866e-06,
        2.2857070600632926e-06,
        2.1064907394393687e-06,
        1.9081440496743996e-06,
        1.7881286314615612e-06,
        1.6260565024983092e-06,
        1.49479809982577e-06,
        1.4064025457187064e-06,
        1.265204332708609e-06,
        1.2046985119207067e-06,
        1.0915786458619234e-06
    ],
    "val_accuracy":[
        0.19583334028720856,
        0.20416666567325592,
        0.32083332538604736,
        0.32083332538604736,
        0.3062500059604645,
        0.3499999940395355,
        0.40416666865348816,
        0.3687500059604645,
        0.4124999940395355,
        0.3708333373069763,
        0.3708333373069763,
        0.27916666865348816,
        0.3479166626930237,
        0.3645833432674408,
        0.38749998807907104,
        0.375,
        0.38749998807907104,
        0.3687500059604645,
        0.37291666865348816,
        0.3791666626930237,
        0.37708333134651184,
        0.37708333134651184,
        0.3708333373069763,
        0.3791666626930237,
        0.3812499940395355,
        0.37708333134651184,
        0.3812499940395355,
        0.3791666626930237,
        0.38333332538604736,
        0.375,
        0.3812499940395355,
        0.38333332538604736,
        0.3791666626930237,
        0.37708333134651184,
        0.38749998807907104,
        0.38333332538604736,
        0.3812499940395355,
        0.3791666626930237,
        0.38749998807907104,
        0.3854166567325592,
        0.3791666626930237,
        0.3812499940395355,
        0.3854166567325592,
        0.38749998807907104,
        0.38749998807907104,
        0.38333332538604736,
        0.3895833194255829,
        0.3958333432674408,
        0.38749998807907104,
        0.3895833194255829,
        0.38749998807907104,
        0.38749998807907104,
        0.3916666805744171,
        0.3895833194255829,
        0.39375001192092896,
        0.3958333432674408,
        0.3916666805744171,
        0.39375001192092896,
        0.39375001192092896,
        0.3916666805744171,
        0.3916666805744171,
        0.3916666805744171,
        0.3916666805744171,
        0.3916666805744171,
        0.3916666805744171,
        0.3895833194255829,
        0.3895833194255829,
        0.3916666805744171,
        0.38749998807907104,
        0.3895833194255829,
        0.3854166567325592,
        0.3958333432674408,
        0.3958333432674408,
        0.38749998807907104,
        0.3916666805744171,
        0.38749998807907104,
        0.38749998807907104,
        0.39375001192092896,
        0.39791667461395264,
        0.3958333432674408,
        0.3916666805744171,
        0.3895833194255829,
        0.3916666805744171,
        0.3895833194255829,
        0.39375001192092896,
        0.39375001192092896,
        0.3854166567325592,
        0.3916666805744171,
        0.38749998807907104,
        0.3895833194255829,
        0.38333332538604736,
        0.38749998807907104,
        0.3854166567325592,
        0.3854166567325592,
        0.38333332538604736,
        0.3854166567325592,
        0.3854166567325592,
        0.38333332538604736,
        0.3812499940395355,
        0.38333332538604736
    ],